athec101,Atherton,Charlie,R,R,WSN,3B
bakek101,Baker,Kirtley,R,R,WSN,P
barrs101,Barry,Shad,R,R,WSN,OF
bonnf101,Bonner,Frank,R,R,WSN,2B
butld101,Butler,Dick,?,?,WSN,C
carsk102,Carsey,Kid,L,R,WSN,P
cased101,Casey,Doc,B,R,WSN,3B
cassp101,Cassidy,Pete,R,R,WSN,1B
cougb101,Coughlin,Bill,R,R,WSN,3B
davih101,Davis,Harry,R,R,WSN,1B
deckg101,Decker,George,L,L,WSN,1B
dinnb101,Dinneen,Bill,R,R,WSN,P
duncj101,Duncan,Jim,R,R,WSN,C
dunkd101,Dunkle,Davey,B,R,WSN,P
evanr102,Evans,Roy,R,R,WSN,P
farrd102,Farrell,Duke,B,R,WSN,C
fifij101,Fifield,Jack,R,R,WSN,P
freeb102,Freeman,Buck,L,L,WSN,OF
gettj101,Gettman,Jake,B,L,WSN,OF
herrl102,Herring,Lefty,L,L,WSN,P
heydm101,Heydon,Mike,L,R,WSN,C
huleb101,Hulen,Billy,L,L,WSN,SS
killf101,Killen,Frank,L,L,WSN,P
kittm101,Kittridge,Malachi,R,R,WSN,C
latha101,Latham,Arlie,R,R,WSN,2B
leitb101,Leith,Bill,?,R,WSN,P
mageb101,Magee,Bill,R,R,WSN,P
mcfad101,McFarlan,Dan,R,R,WSN,P
mcgad102,McGann,Dan,B,R,WSN,1B
mcgud101,McGuire,Deacon,R,R,WSN,C
mcmaf101,McManus,Frank,?,R,WSN,C
mercw101,Mercer,Win,R,R,WSN,3B
obrij103,O'Brien,Jack,L,R,WSN,OF
paddd102,Padden,Dick,R,R,WSN,SS
powem102,Powers,Doc,R,R,WSN,C
riddd101,Riddlemoser,Dorsey,R,R,WSN,P
roacm102,Roach,Mike,?,?,WSN,C
schef101,Scheibeck,Frank,R,R,WSN,SS
slagj102,Slagle,Jimmy,L,R,WSN,OF
stafg101,Stafford,General,R,R,WSN,2B
weyhg101,Weyhing,Gus,R,R,WSN,P
