aaroh101,Aaron,Hank,R,R,ATL,X
aarot101,Aaron,Tommie,R,R,ATL,X
alouf101,Alou,Felipe,R,R,ATL,X
baked002,Baker,Dusty,R,R,ATL,X
boyec102,Boyer,Clete,R,R,ATL,X
britj101,Britton,Jim,R,R,ATL,X
carrc103,Carroll,Clay,R,R,ATL,X
causw101,Causey,Wayne,L,R,ATL,X
clont101,Cloninger,Tony,R,R,ATL,X
davit102,Davidson,Ted,R,L,ATL,X
frant101,Francona,Tito,L,L,ATL,X
garrr101,Garr,Ralph,L,R,ATL,X
garrg101,Garrido,Gil,R,R,ATL,X
guins101,Guinn,Skip,R,L,ATL,X
hrinw101,Hriniak,Walt,L,R,ATL,X
jacks102,Jackson,Sonny,L,R,ATL,X
jarvp101,Jarvis,Pat,R,R,ATL,X
johnd103,Johnson,Deron,R,R,ATL,X
johnk102,Johnson,Ken,R,R,ATL,X
johnb104,Johnson,Bob,R,R,ATL,X
kelld102,Kelley,Dick,R,L,ATL,X
kestr101,Kester,Rick,R,R,ATL,X
lum-m101,Lum,Mike,L,L,ATL,X
martm102,Martinez,Marty,B,R,ATL,X
millf105,Millan,Felix,R,R,ATL,X
mills101,Miller,Stu,R,R,ATL,X
niekp001,Niekro,Phil,R,R,ATL,X
pagem101,Page,Mike,L,R,ATL,X
pappm101,Pappas,Milt,R,R,ATL,X
raymc101,Raymond,Claude,R,R,ATL,X
reedr001,Reed,Ron,R,R,ATL,X
santa101,Santorini,Al,R,R,ATL,X
stong102,Stone,George,L,L,ATL,X
tillb101,Tillman,Bob,R,R,ATL,X
torrj101,Torre,Joe,R,R,ATL,X
upshc101,Upshaw,Cecil,R,R,ATL,X
valds101,Valdespino,Sandy,L,L,ATL,X
woodw101,Woodward,Woody,R,R,ATL,X
