aybaw001,Aybar,Willy,B,R,ATL,3B
baezd001,Baez,Danys,R,R,ATL,P
barrk001,Barry,Kevin,R,R,ATL,P
betew001,Betemit,Wilson,B,R,ATL,SS
boyeb001,Boyer,Blaine,R,R,ATL,P
corml001,Cormier,Lance,R,R,ATL,P
davik002,Davies,Kyle,R,R,ATL,P
devij001,Devine,Joey,R,R,ATL,P
diazm003,Diaz,Matt,R,R,ATL,OF
franj004,Francoeur,Jeff,R,R,ATL,OF
franw001,Franklin,Wayne,L,L,ATL,P
gilem001,Giles,Marcus,R,R,ATL,2B
hudst001,Hudson,Tim,R,R,ATL,P
jamec002,James,Chuck,L,L,ATL,P
jonea002,Jones,Andruw,R,R,ATL,OF
jonec004,Jones,Chipper,B,R,ATL,3B
jordb001,Jordan,Brian,R,R,ATL,OF
langr002,Langerhans,Ryan,L,L,ATL,OF
laroa001,LaRoche,Adam,L,L,ATL,1B
lerea001,Lerew,Anthony,L,R,ATL,P
mcbrm001,McBride,Macay,L,L,ATL,P
mccab002,McCann,Brian,L,R,ATL,C
moylp001,Moylan,Peter,R,R,ATL,P
orr-p001,Orr,Peter,L,R,ATL,SS
paroc001,Paronto,Chad,R,R,ATL,P
penab002,Pena,Brayan,B,R,ATL,C
penat002,Pena,Tony,R,R,ATL,SS
pradm001,Prado,Martin,R,R,ATL,2B
pratt001,Pratt,Todd,R,R,ATL,C
ramih002,Ramirez,Horacio,L,L,ATL,P
ray-k001,Ray,Ken,R,R,ATL,P
reitc001,Reitsma,Chris,R,R,ATL,P
remlm001,Remlinger,Mike,L,L,ATL,P
rente001,Renteria,Edgar,R,R,ATL,SS
shiej001,Shiell,Jason,R,R,ATL,P
smitt001,Smith,Travis,R,R,ATL,P
smolj001,Smoltz,John,R,R,ATL,P
sosaj002,Sosa,Jorge,R,R,ATL,P
stocp001,Stockman,Phil,R,R,ATL,P
thomj005,Thomson,John,R,R,ATL,P
thors001,Thorman,Scott,L,R,ATL,1B
villo001,Villarreal,Oscar,L,R,ATL,P
wardd002,Ward,Daryle,L,L,ATL,1B
wickb001,Wickman,Bob,R,R,ATL,P
yatet001,Yates,Tyler,R,R,ATL,P
