badeb001,Badenhop,Burke,R,R,BOS,P
barnm001,Barnes,Matt,R,R,BOS,P
bettm001,Betts,Mookie,R,R,BOS,OF
bogax001,Bogaerts,Xander,R,R,BOS,SS
bradj001,Bradley,Jackie,L,R,BOS,OF
brenb002,Brentz,Bryce,R,R,BOS,OF
bresc001,Breslow,Craig,L,L,BOS,P
britd001,Britton,Drake,L,L,BOS,P
browc003,Brown,Corey,L,L,BOS,OF
buchc001,Buchholz,Clay,L,R,BOS,P
butld001,Butler,Dan,R,R,BOS,C
capuc001,Capuano,Chris,L,L,BOS,P
carpm001,Carp,Mike,L,R,BOS,1B
castr004,Castillo,Rusney,R,R,BOS,OF
ceccg001,Cecchini,Garin,L,R,BOS,3B
cespy001,Cespedes,Yoenis,R,R,BOS,OF
craia001,Craig,Allen,R,R,BOS,1B
delar003,de la Rosa,Rubby,R,R,BOS,P
doubf001,Doubront,Felix,L,L,BOS,P
drews001,Drew,Stephen,L,R,BOS,SS
escoe002,Escobar,Edwin,L,L,BOS,P
gomej001,Gomes,Jonny,R,R,BOS,OF
hassa002,Hassan,Alex,R,R,BOS,OF
hembh001,Hembree,Heath,R,R,BOS,P
herrj002,Herrera,Jonathan,B,R,BOS,SS
holtb002,Holt,Brock,L,R,BOS,OF
johnk003,Johnson,Kelly,L,R,BOS,1B
kellj001,Kelly,Joe,R,R,BOS,P
lackj001,Lackey,John,R,R,BOS,P
lavar001,Lavarnway,Ryan,R,R,BOS,1B
laynt001,Layne,Tom,L,L,BOS,P
lestj001,Lester,Jon,L,L,BOS,P
middw001,Middlebrooks,Will,R,R,BOS,3B
milla002,Miller,Andrew,L,L,BOS,P
mujie001,Mujica,Edward,R,R,BOS,P
napom001,Napoli,Mike,R,R,BOS,1B
navad002,Nava,Daniel,B,L,BOS,OF
ortid001,Ortiz,David,L,L,BOS,DH
peavj001,Peavy,Jake,R,R,BOS,P
pedrd001,Pedroia,Dustin,R,R,BOS,2B
piera001,Pierzynski,A.J.,L,R,BOS,C
ranaa001,Ranaudo,Anthony,R,R,BOS,P
rivec002,Rivero,Carlos,R,R,BOS,3B
rober002,Roberts,Ryan,R,R,BOS,3B
rossd001,Ross,David,R,R,BOS,C
sizeg001,Sizemore,Grady,L,L,BOS,OF
tazaj001,Tazawa,Junichi,R,R,BOS,P
uehak001,Uehara,Koji,R,R,BOS,P
vazqc001,Vazquez,Christian,R,R,BOS,C
victs001,Victorino,Shane,R,R,BOS,OF
websa001,Webster,Allen,R,R,BOS,P
weekj001,Weeks,Jemile,B,R,BOS,2B
wilsa001,Wilson,Alex,R,R,BOS,P
workb001,Workman,Brandon,R,R,BOS,P
wrigs001,Wright,Steven,R,R,BOS,P
