bailj001,Bailey,Jeff,R,R,BOS,1B
beckj002,Beckett,Josh,R,R,BOS,P
buchc001,Buchholz,Clay,L,R,BOS,P
cashk001,Cash,Kevin,R,R,BOS,C
clayr001,Clayton,Royce,R,R,BOS,SS
coraa001,Cora,Alex,L,R,BOS,SS
coreb001,Corey,Bryan,R,R,BOS,P
crisc001,Crisp,Coco,B,R,BOS,OF
delcm001,Delcarmen,Manny,R,R,BOS,P
donnb001,Donnelly,Brendan,R,R,BOS,P
drewj001,Drew,J.D.,L,R,BOS,OF
ellsj001,Ellsbury,Jacoby,L,L,BOS,OF
gabbk001,Gabbard,Kason,L,L,BOS,P
gagne001,Gagne,Eric,R,R,BOS,P
hansd002,Hansack,Devern,R,R,BOS,P
hinse001,Hinske,Eric,L,R,BOS,1B
kielb001,Kielty,Bobby,B,R,BOS,OF
lestj001,Lester,Jon,L,L,BOS,P
lopej002,Lopez,Javier,L,L,BOS,P
lowem001,Lowell,Mike,R,R,BOS,3B
lugoj001,Lugo,Julio,R,R,BOS,SS
matsd001,Matsuzaka,Daisuke,R,R,BOS,P
mirad001,Mirabelli,Doug,R,R,BOS,C
mossb001,Moss,Brandon,L,R,BOS,OF
murpd005,Murphy,David,L,L,BOS,OF
okajh001,Okajima,Hideki,L,L,BOS,P
ortid001,Ortiz,David,L,L,BOS,1B
papej001,Papelbon,Jonathan,R,R,BOS,P
pedrd001,Pedroia,Dustin,R,R,BOS,2B
penaw001,Pena,Wily Mo,R,R,BOS,OF
pinej001,Pineiro,Joel,R,R,BOS,P
ramim002,Ramirez,Manny,R,R,BOS,OF
romej001,Romero,J.C.,B,L,BOS,P
schic002,Schilling,Curt,R,R,BOS,P
snydk001,Snyder,Kyle,B,R,BOS,P
tavaj001,Tavarez,Julian,L,R,BOS,P
timlm001,Timlin,Mike,R,R,BOS,P
varij001,Varitek,Jason,B,R,BOS,C
waket001,Wakefield,Tim,R,R,BOS,P
youkk001,Youkilis,Kevin,R,R,BOS,3B
