abrej001,Abrego,Johnny,R,R,CHN,X
ballj001,Baller,Jay,R,R,CHN,X
beard001,Beard,Dave,L,R,CHN,X
boslt001,Bosley,Thad,L,L,CHN,X
boted001,Botelho,Derek,R,R,CHN,X
bowal001,Bowa,Larry,B,R,CHN,X
brusw001,Brusstar,Warren,R,R,CHN,X
cey-r001,Cey,Ron,R,R,CHN,X
davij001,Davis,Jody,R,R,CHN,X
dayeb001,Dayett,Brian,R,R,CHN,X
dernb001,Dernier,Bob,R,R,CHN,X
dunss001,Dunston,Shawon,R,R,CHN,X
durhl001,Durham,Leon,L,L,CHN,X
ecked001,Eckersley,Dennis,R,R,CHN,X
enges001,Engel,Steve,R,L,CHN,X
fontr001,Fontenot,Ray,L,L,CHN,X
frazg001,Frazier,George,R,R,CHN,X
gumpd001,Gumpert,Dave,R,R,CHN,X
gural001,Gura,Larry,L,L,CHN,X
hatcb001,Hatcher,Billy,R,R,CHN,X
hebnr001,Hebner,Richie,L,R,CHN,X
jackd002,Jackson,Darrin,R,R,CHN,X
lakes001,Lake,Steve,R,R,CHN,X
loped001,Lopes,Davey,R,R,CHN,X
mattg001,Matthews,Gary,R,R,CHN,X
merir001,Meridith,Ron,L,L,CHN,X
morek001,Moreland,Keith,R,R,CHN,X
owend001,Owen,Dave,B,R,CHN,X
pattr001,Patterson,Reggie,L,R,CHN,X
perlj001,Perlman,Jon,L,R,CHN,X
ruthd001,Ruthven,Dick,R,R,CHN,X
sandr001,Sandberg,Ryne,R,R,CHN,X
sands001,Sanderson,Scott,R,R,CHN,X
smitl001,Smith,Lee,R,R,CHN,X
sorel001,Sorensen,Lary,R,R,CHN,X
speic001,Speier,Chris,R,R,CHN,X
sutcr001,Sutcliffe,Rick,L,R,CHN,X
trous001,Trout,Steve,L,L,CHN,X
walkc001,Walker,Chico,B,R,CHN,X
woodg001,Woods,Gary,R,R,CHN,X
