ballj001,Baller,Jay,R,R,CHN,X
berrd002,Berryhill,Damon,B,R,CHN,X
brumm001,Brumley,Mike,B,R,CHN,X
davij001,Davis,Jody,R,R,CHN,X
davir001,Davis,Ron,R,R,CHN,X
dawsa001,Dawson,Andre,R,R,CHN,X
dayeb001,Dayett,Brian,R,R,CHN,X
dernb001,Dernier,Bob,R,R,CHN,X
dipif001,DiPino,Frank,L,L,CHN,X
dunss001,Dunston,Shawon,R,R,CHN,X
durhl001,Durham,Leon,L,L,CHN,X
halld001,Hall,Drew,L,L,CHN,X
jackd002,Jackson,Darrin,R,R,CHN,X
lancl001,Lancaster,Lester,R,R,CHN,X
lynce001,Lynch,Ed,R,R,CHN,X
maddg002,Maddux,Greg,R,R,CHN,X
martd002,Martinez,Dave,L,L,CHN,X
masom001,Mason,Mike,L,L,CHN,X
mattg001,Matthews,Gary,R,R,CHN,X
morek001,Moreland,Keith,R,R,CHN,X
moyej001,Moyer,Jamie,L,L,CHN,X
mumpj001,Mumphrey,Jerry,B,R,CHN,X
nocep001,Noce,Paul,R,R,CHN,X
noled001,Noles,Dickie,R,R,CHN,X
palmr001,Palmeiro,Rafael,L,L,CHN,X
quinl001,Quinones,Luis,B,R,CHN,X
rowdw001,Rowdon,Wade,R,R,CHN,X
sandr001,Sandberg,Ryne,R,R,CHN,X
sands001,Sanderson,Scott,R,R,CHN,X
smitl001,Smith,Lee,R,R,CHN,X
sundj001,Sundberg,Jim,R,R,CHN,X
sutcr001,Sutcliffe,Rick,L,R,CHN,X
tewkb001,Tewksbury,Bob,R,R,CHN,X
trilm001,Trillo,Manny,R,R,CHN,X
trous001,Trout,Steve,L,L,CHN,X
walkc001,Walker,Chico,B,R,CHN,X
