ascaj001,Ascanio,Jose,R,R,CHN,P
blanh001,Blanco,Henry,R,R,CHN,C
ceder002,Cedeno,Ronny,R,R,CHN,SS
cottn001,Cotts,Neal,L,L,CHN,P
dempr002,Dempster,Ryan,R,R,CHN,P
derom001,DeRosa,Mark,R,R,CHN,SS
edmoj001,Edmonds,Jim,L,L,CHN,OF
eyres001,Eyre,Scott,L,L,CHN,P
fontm001,Fontenot,Mike,L,R,CHN,2B
fox-c001,Fox,Chad,R,R,CHN,P
fukuk001,Fukudome,Kosuke,L,R,CHN,OF
galls001,Gallagher,Sean,R,R,CHN,P
gaudc001,Gaudin,Chad,R,R,CHN,P
guzma001,Guzman,Angel,R,R,CHN,P
hardr001,Harden,Rich,L,R,CHN,P
hartk001,Hart,Kevin,R,R,CHN,P
hillk002,Hill,Koyie,B,R,CHN,C
hillr001,Hill,Rich,L,L,CHN,P
hoffm001,Hoffpauir,Micah,L,L,CHN,1B
howrb001,Howry,Bob,L,R,CHN,P
johnr008,Johnson,Reed,R,R,CHN,OF
lee-d002,Lee,Derrek,R,R,CHN,1B
liebj001,Lieber,Jon,L,R,CHN,P
lillt001,Lilly,Ted,L,L,CHN,P
marmc001,Marmol,Carlos,R,R,CHN,P
marqj001,Marquis,Jason,L,R,CHN,P
marss002,Marshall,Sean,L,L,CHN,P
mcgec001,McGehee,Casey,R,R,CHN,3B
murtm001,Murton,Matt,R,R,CHN,OF
patte001,Patterson,Eric,L,R,CHN,OF
pie-f001,Pie,Felix,L,L,CHN,OF
pignc001,Pignatiello,Carmen,R,L,CHN,P
ramia001,Ramirez,Aramis,R,R,CHN,3B
samaj001,Samardzija,Jeff,R,R,CHN,P
soria001,Soriano,Alfonso,R,R,CHN,OF
sotog001,Soto,Geovany,R,R,CHN,C
therr001,Theriot,Ryan,R,R,CHN,SS
wardd002,Ward,Daryle,L,L,CHN,1B
wellr001,Wells,Randy,R,R,CHN,P
woodk002,Wood,Kerry,R,R,CHN,P
wuerm001,Wuertz,Michael,R,R,CHN,P
zambc001,Zambrano,Carlos,B,R,CHN,P
