alleg002,Allen,Greg,B,R,CLE,OF
allel002,Allen,Logan,R,L,CLE,P
arroc001,Arroyo,Christian,R,R,CLE,3B
biebs001,Bieber,Shane,R,R,CLE,P
carrc003,Carrasco,Carlos,R,R,CLE,P
chany001,Chang,Yu,R,R,CLE,SS
cimba001,Cimber,Adam,R,R,CLE,P
civaa001,Civale,Aaron,R,R,CLE,P
clevm001,Clevinger,Mike,R,R,CLE,P
deshd002,DeShields,Delino,R,R,CLE,OF
freem002,Freeman,Mike,L,R,CLE,1B
handb001,Hand,Brad,L,L,CLE,P
hedga001,Hedges,Austin,R,R,CLE,C
hernc005,Hernandez,Cesar,B,R,CLE,2B
hillc001,Hill,Cam,R,R,CLE,P
johnd006,Johnson,Daniel,L,L,CLE,OF
karij001,Karinchak,James,R,R,CLE,P
leons001,Leon,Sandy,B,R,CLE,C
leond003,Leone,Dominic,R,R,CLE,P
lindf001,Lindor,Francisco,B,R,CLE,SS
luplj001,Luplow,Jordan,R,R,CLE,OF
matop002,Maton,Phil,R,R,CLE,P
mcket001,McKenzie,Triston,R,R,CLE,P
merco003,Mercado,Oscar,R,R,CLE,OF
naqut001,Naquin,Tyler,L,R,CLE,OF
naylj001,Naylor,Josh,L,L,CLE,OF
nelsk001,Nelson,Kyle,L,L,CLE,P
pereo002,Perez,Oliver,L,L,CLE,P
perer003,Perez,Roberto,R,R,CLE,C
plesz001,Plesac,Zach,R,R,CLE,P
pluta001,Plutko,Adam,R,R,CLE,P
quanc001,Quantrill,Cal,L,R,CLE,P
ramij003,Ramirez,Jose,B,R,CLE,P
reyef001,Reyes,Franmil,R,R,CLE,OF
santc002,Santana,Carlos,B,R,CLE,1B
santd002,Santana,Domingo,R,R,CLE,OF
taylb003,Taylor,Beau,L,R,CLE,C
wittn001,Wittgren,Nick,R,R,CLE,P
zimmb001,Zimmer,Bradley,L,R,CLE,OF
