bellr002,Belliard,Ron,R,R,CLE,2B
betar001,Betancourt,Rafael,R,R,CLE,P
blakc001,Blake,Casey,R,R,CLE,OF
boona001,Boone,Aaron,R,R,CLE,3B
broub001,Broussard,Ben,L,L,CLE,1B
browa002,Brown,Andrew,R,R,CLE,P
byrdp001,Byrd,Paul,R,R,CLE,P
cabrf002,Cabrera,Fernando,R,R,CLE,P
carmf001,Carmona,Fausto,R,R,CLE,P
choos001,Choo,Shin-Soo,L,L,CLE,OF
davij005,Davis,Jason,R,R,CLE,P
garkr001,Garko,Ryan,R,R,CLE,C
gravd001,Graves,Danny,R,R,CLE,P
guthj001,Guthrie,Jeremy,R,R,CLE,P
gutif001,Gutierrez,Franklin,R,R,CLE,OF
hafnt001,Hafner,Travis,L,R,CLE,1B
hollt001,Hollandsworth,Todd,L,L,CLE,OF
inglj001,Inglett,Joe,L,R,CLE,2B
johnj007,Johnson,Jason,R,R,CLE,P
kouzk001,Kouzmanoff,Kevin,R,R,CLE,3B
laket001,Laker,Tim,R,R,CLE,C
laraj001,Lara,Juan,R,L,CLE,P
lee-c003,Lee,Cliff,L,L,CLE,P
lunah001,Luna,Hector,R,R,CLE,SS
marta004,Marte,Andy,R,R,CLE,3B
martv001,Martinez,Victor,B,R,CLE,C
mastt001,Mastny,Tom,R,R,CLE,P
merll001,Merloni,Lou,R,R,CLE,2B
michj001,Michaels,Jason,R,R,CLE,OF
millm002,Miller,Matt,R,R,CLE,P
motag001,Mota,Guillermo,R,R,CLE,P
mujie001,Mujica,Edward,R,R,CLE,P
peraj001,Peralta,Jhonny,R,R,CLE,SS
peree001,Perez,Eduardo,R,R,CLE,1B
perer002,Perez,Rafael,L,L,CLE,P
sabac001,Sabathia,C.C.,L,L,CLE,P
saues001,Sauerbeck,Scott,R,L,CLE,P
shopk001,Shoppach,Kelly,R,R,CLE,C
sikob001,Sikorski,Brian,R,R,CLE,P
sizeg001,Sizemore,Grady,L,L,CLE,CF
slocb001,Slocum,Brian,R,R,CLE,P
sowej001,Sowers,Jeremy,L,L,CLE,P
vazqr001,Vazquez,Ramon,L,R,CLE,SS
westj001,Westbrook,Jake,R,R,CLE,P
wickb001,Wickman,Bob,R,R,CLE,P
