astae001,Astacio,Ezequiel,R,R,HOU,P
ausmb001,Ausmus,Brad,R,R,HOU,C
backb001,Backe,Brandon,R,R,HOU,P
bagwj001,Bagwell,Jeff,R,R,HOU,1B
berkl001,Berkman,Lance,B,L,HOU,OF
biggc001,Biggio,Craig,R,R,HOU,2B
brune001,Bruntlett,Eric,R,R,HOU,SS
burkc001,Burke,Chris,R,R,HOU,2B
burnm001,Burns,Mike,R,R,HOU,P
chavr001,Chavez,Raul,R,R,HOU,C
clemr001,Clemens,Roger,R,R,HOU,P
drist001,Driskill,Travis,R,R,HOU,P
duckb001,Duckworth,Brandon,R,R,HOU,P
ensbm001,Ensberg,Morgan,R,R,HOU,3B
evera001,Everett,Adam,R,R,HOU,SS
franj001,Franco,John,L,L,HOU,P
gallm002,Gallo,Mike,L,L,HOU,P
gipsc001,Gipson,Charles,R,R,HOU,SS
harvc001,Harville,Chad,R,R,HOU,P
jimec001,Jimerson,Charlton,R,R,HOU,OF
lambm001,Lamb,Mike,L,R,HOU,3B
lanej001,Lane,Jason,R,L,HOU,OF
lidgb001,Lidge,Brad,R,R,HOU,P
oswar001,Oswalt,Roy,R,R,HOU,P
palmo001,Palmeiro,Orlando,L,L,HOU,OF
petta001,Pettitte,Andy,L,L,HOU,P
qualc001,Qualls,Chad,R,R,HOU,P
quinh001,Quintero,Humberto,R,R,HOU,C
rodrw002,Rodriguez,Wandy,B,L,HOU,P
scotl001,Scott,Luke,L,R,HOU,OF
selft001,Self,Todd,L,R,HOU,OF
sprir001,Springer,Russ,R,R,HOU,P
stris001,Strickland,Scott,R,R,HOU,P
tavew001,Taveras,Willy,R,R,HOU,OF
vizcj001,Vizcaino,Jose,B,R,HOU,SS
wheed001,Wheeler,Dan,R,R,HOU,P
