balej001,Bale,John,L,L,KCA,P
bannb001,Bannister,Brian,R,R,KCA,P
berra001,Berroa,Angel,R,R,KCA,SS
brazc001,Brazell,Craig,L,R,KCA,1B
browe001,Brown,Emil,R,R,KCA,OF
braur001,Braun,Ryan,R,R,KCA,P
buckj001,Buck,John,R,R,KCA,C
buckb002,Buckner,Billy,R,R,KCA,P
butlb003,Butler,Billy,R,R,KCA,OF
cortf001,Cortez,Fernando,L,R,KCA,2B
costs001,Costa,Shane,L,R,KCA,OF
davik002,Davies,Kyle,R,R,KCA,P
delaj001,DeLaRosa,Jorge,L,L,KCA,P
dejed001,DeJesus,David,L,L,KCA,CF
doteo001,Dotel,Octavio,R,R,KCA,P
duckb001,Duckworth,Brandon,R,R,KCA,P
elars001,Elarton,Scott,R,R,KCA,P
gathj001,Gathright,Joey,L,R,KCA,CF
germe001,German,Esteban,R,R,KCA,2B
gloar001,Gload,Ross,L,L,KCA,1B
gobbj001,Gobble,Jimmy,L,L,KCA,P
gorda001,Gordon,Alex,L,R,KCA,3B
greiz001,Greinke,Zack,R,R,KCA,P
grudm001,Grudzielanek,Mark,R,R,KCA,2B
hochl001,Hochevar,Luke,R,R,KCA,P
hubej001,Huber,Justin,R,R,KCA,1B
hudsl001,Hudson,Luke,R,R,KCA,P
laruj001,LaRue,Jason,R,R,KCA,C
mechg001,Meche,Gil,R,R,KCA,P
mussn001,Musser,Neal,L,L,KCA,P
nunel001,Nunez,Leo,R,R,KCA,P
penat002,Pena,Tony,R,R,KCA,SS
peraj002,Peralta,Joel,R,R,KCA,P
pereo001,Perez,Odalis,L,L,KCA,P
philp001,Phillips,Paul,R,R,KCA,C
riskd001,Riske,David,R,R,KCA,P
sandr002,Sanders,Reggie,R,R,KCA,OF
shear001,Shealy,Ryan,R,R,KCA,1B
smitj001,Smith,Jason,L,R,KCA,SS
sorij001,Soria,Joakim,R,R,KCA,P
stanj001,Standridge,Jason,R,R,KCA,P
sweem002,Sweeney,Mike,R,R,KCA,1B
teahm001,Teahen,Mark,L,R,KCA,3B
thomj005,Thomson,John,R,R,KCA,P
wellt002,Wellemeyer,Todd,R,R,KCA,P
