bailb103,Bailey,Bob,R,R,MON,X
batej102,Bateman,John,R,R,MON,X
boccj101,Boccabella,John,R,R,MON,X
boscd101,Bosch,Don,B,R,MON,X
branr101,Brand,Ron,R,R,MON,X
clend101,Clendenon,Donn,R,R,MON,X
clint101,Cline,Ty,L,L,MON,X
collk101,Collins,Kevin,L,R,MON,X
facer101,Face,Roy,B,R,MON,X
fairj102,Fairey,Jim,L,L,MON,X
fairr101,Fairly,Ron,L,L,MON,X
granj101,Grant,Jim,R,R,MON,X
hahnd102,Hahn,Don,R,R,MON,X
hermr101,Hermoso,Remy,R,R,MON,X
herrj102,Herrera,Jose,R,R,MON,X
jastl101,Jaster,Larry,L,L,MON,X
jestg101,Jestadt,Garry,R,R,MON,X
jonem102,Jones,Mack,L,R,MON,X
laboc101,Laboy,Coco,R,R,MON,X
marel101,Marentette,Leo,R,R,MON,X
mcgid101,McGinn,Dan,L,L,MON,X
mortc102,Morton,Carl,R,R,MON,X
motam101,Mota,Manny,R,R,MON,X
phila101,Phillips,Adolfo,R,R,MON,X
radad101,Radatz,Dick,R,R,MON,X
raymc101,Raymond,Claude,R,R,MON,X
reedh102,Reed,Howie,R,R,MON,X
renks101,Renko,Steve,R,R,MON,X
reynb102,Reynolds,Bob,R,R,MON,X
robej102,Robertson,Jerry,B,R,MON,X
sembc101,Sembera,Carroll,R,R,MON,X
shawd102,Shaw,Don,L,L,MON,X
sheas102,Shea,Steve,R,R,MON,X
staem101,Staehle,Marv,L,R,MON,X
staur001,Staub,Rusty,L,R,MON,X
stonb101,Stoneman,Bill,R,R,MON,X
suthg101,Sutherland,Gary,R,R,MON,X
waslg101,Waslewski,Gary,R,R,MON,X
wegem101,Wegener,Mike,R,R,MON,X
wickf101,Wicker,Floyd,L,R,MON,X
willm102,Wills,Maury,B,R,MON,X
wineb101,Wine,Bobby,R,R,MON,X
