abadf001,Abad,Fernando,L,L,BAL,P
akink001,Akin,Keegan,L,L,BAL,P
andes002,Anderson,Shaun,R,R,BAL,P
armss001,Armstrong,Shawn,R,R,BAL,P
barrm004,Barreda,Manny,R,R,BAL,P
baumm001,Baumann,Mike,R,R,BAL,P
burdz001,Burdi,Zack,R,R,BAL,P
ciufn001,Ciuffo,Nick,L,R,BAL,C
diplm001,Diplan,Marcos,R,R,BAL,P
ellic001,Ellis,Chris,L,R,BAL,P
eshet001,Eshelman,Tom,R,R,BAL,P
flaaj001,Flaa,Jay,R,R,BAL,P
franm004,Franco,Maikel,R,R,BAL,3B
fry-p001,Fry,Paul,L,L,BAL,P
galvf001,Galvis,Freddy,B,R,BAL,SS
greec004,Greene,Conner,R,R,BAL,P
gutik001,Gutierrez,Kelvin,R,R,BAL,3B
hanhe001,Hanhold,Eric,R,R,BAL,P
harvh001,Harvey,Hunter,R,R,BAL,P
harvm001,Harvey,Matt,R,R,BAL,P
haysa001,Hays,Austin,R,R,BAL,OF
jannm001,Jannis,Mickey,R,R,BAL,P
jonej007,Jones,Jahmai,R,R,BAL,2B
knigd001,Knight,Dusten,R,R,BAL,P
krehj001,Krehbiel,Joey,R,R,BAL,P
kremd001,Kremer,Dean,R,R,BAL,P
krisb001,Kriske,Brooks,R,R,BAL,P
lakit001,Lakins,Travis,R,R,BAL,P
leblw001,LeBlanc,Wade,L,L,BAL,P
leybd001,Leyba,Domingo,B,R,BAL,2B
lopej004,Lopez,Jorge,R,R,BAL,P
lowtz001,Lowther,Zac,L,L,BAL,P
manct001,Mancini,Trey,R,R,BAL,OF
martr006,Martin,Richie,R,R,BAL,SS
matej003,Mateo,Jorge,R,R,BAL,SS
matti001,Mattson,Isaac,R,R,BAL,P
mcker001,McKenna,Ryan,R,R,BAL,OF
meanj001,Means,John,L,L,BAL,P
mounr001,Mountcastle,Ryan,R,R,BAL,1B
mullc002,Mullins,Cedric,L,L,BAL,OF
nevit001,Nevin,Tyler,R,R,BAL,1B
pluta001,Plutko,Adam,R,R,BAL,P
ruizr002,Ruiz,Rio,L,R,BAL,3B
santa003,Santander,Anthony,B,R,BAL,OF
scerm001,Sceroler,Mac,R,R,BAL,P
scott003,Scott,Tanner,R,L,BAL,P
sevep001,Severino,Pedro,R,R,BAL,C
siscc001,Sisco,Chance,L,R,BAL,C
stewd002,Stewart,DJ,L,R,BAL,OF
sulsc001,Sulser,Cole,R,R,BAL,P
tated001,Tate,Dillon,R,R,BAL,P
uriar001,Urias,Ramon,R,R,BAL,2B
valap001,Valaika,Pat,R,R,BAL,SS
valdc003,Valdez,Cesar,R,R,BAL,P
waddb001,Waddell,Brandon,L,L,BAL,P
wadek001,Wade,Konner,L,R,BAL,P
watks003,Watkins,Spenser,R,R,BAL,P
wella001,Wells,Alexander,L,L,BAL,P
wellt003,Wells,Tyler,R,R,BAL,P
wilks001,Wilkerson,Steve,B,R,BAL,3B
wynna001,Wynns,Austin,R,R,BAL,P
zimmb002,Zimmermann,Bruce,L,L,BAL,P
