andrm001,Andriese,Matt,R,R,BOS,P
arauj001,Arauz,Jonathan,B,R,BOS,SS
arroc001,Arroyo,Christian,R,R,BOS,3B
barnm001,Barnes,Matt,R,R,BOS,P
bazae001,Bazardo,Eduard,R,R,BOS,P
bogax001,Bogaerts,Xander,R,R,BOS,SS
brasr001,Brasier,Ryan,R,R,BOS,P
brenb003,Brennan,Brandon,R,R,BOS,P
brewc002,Brewer,Colten,R,R,BOS,P
brica001,Brice,Austin,R,R,BOS,P
chavm001,Chavis,Michael,R,R,BOS,3B
cordf003,Cordero,Franchy,L,R,BOS,OF
crawk001,Crawford,Kutter,R,R,BOS,P
dalbb001,Dalbec,Bobby,R,R,BOS,1B
davia003,Davis,Austin,L,L,BOS,P
dever001,Devers,Rafael,L,R,BOS,3B
duraj001,Duran,Jarren,L,R,BOS,OF
eovan001,Eovaldi,Nathan,R,R,BOS,P
espir001,Espinal,Raynel,R,R,BOS,P
felim001,Feliz,Michael,R,R,BOS,P
gonzm002,Gonzalez,Marwin,B,R,BOS,1B
gonss001,Gonsalves,Stephen,L,L,BOS,P
hernd004,Hernandez,Darwinzon,L,L,BOS,P
herne001,Hernandez,Enrique,R,R,BOS,OF
houct001,Houck,Tanner,R,R,BOS,P
iglej001,Iglesias,Jose,R,R,BOS,SS
lopej005,Lopez,Jack,R,R,BOS,SS
martj006,Martinez,J. D.,R,R,BOS,OF
mottt001,Motter,Taylor,R,R,BOS,OF
munoy001,Munoz,Yairo,R,R,BOS,SS
ort-k001,Ort,Kaleb,R,R,BOS,P
ottaa001,Ottavino,Adam,B,R,BOS,P
peacb001,Peacock,Brad,R,R,BOS,P
perem004,Perez,Martin,L,L,BOS,P
piven001,Pivetta,Nick,R,R,BOS,P
plawk001,Plawecki,Kevin,R,R,BOS,C
renfh001,Renfroe,Hunter,R,R,BOS,OF
richg002,Richards,Garrett,R,R,BOS,P
riosy001,Rios,Yacksel,R,R,BOS,P
roblh001,Robles,Hansel,R,R,BOS,P
rodre004,Rodriguez,Eduardo,L,L,BOS,P
salec001,Sale,Chris,L,L,BOS,P
santd001,Santana,Danny,B,R,BOS,OF
sawah001,Sawamura,Hirokazu,R,R,BOS,P
schrj001,Schreiber,John,R,R,BOS,P
schwk001,Schwarber,Kyle,L,R,BOS,OF
seabc001,Seabold,Connor,R,R,BOS,P
shawt001,Shaw,Travis,L,R,BOS,1B
taylj001,Taylor,Josh,L,L,BOS,P
valdp002,Valdez,Phillips,R,R,BOS,P
vazqc001,Vazquez,Christian,R,R,BOS,C
verda001,Verdugo,Alex,L,L,BOS,OF
weber001,Weber,Ryan,R,R,BOS,P
whitg002,Whitlock,Garrett,L,R,BOS,P
wongc001,Wong,Connor,R,R,BOS,C
workb001,Workman,Brandon,R,R,BOS,P
