alexa001,Alexy,A. J.,R,R,TEX,P
allak001,Allard,Kolby,L,L,TEX,P
anded003,Anderson,Drew,R,R,TEX,P
arihk001,Arihara,Kohei,R,R,TEX,P
barlj001,Barlow,Joe,R,R,TEX,P
benjw001,Benjamin,Wes,R,L,TEX,P
bushm001,Bush,Matt,R,R,TEX,P
calhw001,Calhoun,Willie,L,R,TEX,OF
codyk001,Cody,Kyle,R,R,TEX,P
cottj001,Cotton,Jharel,R,R,TEX,P
culbc001,Culberson,Charlie,R,R,TEX,3B
dahld001,Dahl,David,L,R,TEX,OF
davik003,Davis,Khris,R,R,TEX,OF
degeb001,de Geus,Brett,R,R,TEX,P
doror001,Dorow,Ryan,R,R,TEX,3B
dunnd001,Dunning,Dane,R,R,TEX,P
evand003,Evans,Demarcus,R,R,TEX,P
foltm001,Foltynewicz,Mike,R,R,TEX,P
gallj002,Gallo,Joey,L,R,TEX,OF
garca005,Garcia,Adolis,R,R,TEX,OF
gibsk002,Gibson,Kyle,R,R,TEX,P
guzmr001,Guzman,Ronald,L,L,TEX,1B
heart001,Hearn,Taylor,L,L,TEX,P
heimj001,Heim,Jonah,B,R,TEX,C
hergj001,Herget,Jimmy,R,R,TEX,P
herny003,Hernandez,Yonny,B,R,TEX,3B
hickj001,Hicks,John,R,R,TEX,C
holtb002,Holt,Brock,L,R,TEX,OF
howas003,Howard,Spencer,R,R,TEX,P
ibana001,Ibanez,Andy,R,R,TEX,3B
kenni001,Kennedy,Ian,R,R,TEX,P
kinei001,Kiner-Falefa,Isiah,R,R,TEX,3B
kingj002,King,John,L,L,TEX,P
latzj001,Latz,Jake,R,L,TEX,P
lowen001,Lowe,Nate,L,R,TEX,1B
lylej001,Lyles,Jordan,R,R,TEX,P
martb002,Martin,Brett,L,L,TEX,P
martj009,Martin,Jason,L,R,TEX,OF
ottog001,Otto,Glenn,R,R,TEX,P
patts002,Patton,Spencer,R,R,TEX,P
peted004,Peters,DJ,R,R,TEX,OF
pozoy001,Pozo,Yohel,R,R,TEX,C
rodrj004,Rodriguez,Joely,L,L,TEX,P
santd003,Santana,Dennis,R,R,TEX,P
sborj002,Sborz,Josh,R,R,TEX,P
snydn001,Snyder,Nick,R,R,TEX,P
solan001,Solak,Nick,R,R,TEX,2B
tavel001,Taveras,Leody,B,R,TEX,OF
tejea001,Tejeda,Anderson,B,R,TEX,SS
terrc001,Terry,Curtis,R,R,TEX,1B
trevj001,Trevino,Jose,R,R,TEX,C
white006,White,Eli,R,R,TEX,2B
woodh001,Wood,Hunter,R,R,TEX,P
yangh001,Yang,Hyeon-Jong,L,L,TEX,P
