blanh001,Blanco,Henry,R,R,ATL,C
bongj001,Bong,Jung,L,L,ATL,P
bragd001,Bragg,Darren,L,R,ATL,OF
castv001,Castilla,Vinny,R,R,ATL,3B
dawlj001,Dawley,Joey,R,R,ATL,P
derom001,DeRosa,Mark,R,R,ATL,SS
ennij001,Ennis,John,R,R,ATL,P
fostj001,Foster,John,L,L,ATL,P
franj002,Franco,Julio,R,R,ATL,1B
franm001,Franco,Matt,L,R,ATL,OF
furcr001,Furcal,Rafael,B,R,ATL,SS
garcj001,Garcia,Jesse,R,R,ATL,SS
gilem001,Giles,Marcus,R,R,ATL,2B
glavt001,Glavine,Tom,L,L,ATL,P
grybk001,Gryboski,Kevin,R,R,ATL,P
hammc001,Hammond,Chris,L,L,ATL,P
helmw001,Helms,Wes,R,R,ATL,3B
hodgt001,Hodges,Trey,R,R,ATL,P
holmd001,Holmes,Darren,R,R,ATL,P
jonec004,Jones,Chipper,B,R,ATL,3B
jonea002,Jones,Andruw,R,R,ATL,OF
langr002,Langerhans,Ryan,L,L,ATL,OF
ligtk001,Ligtenberg,Kerry,R,R,ATL,P
lockk001,Lockhart,Keith,L,R,ATL,2B
lopea002,Lopez,Albie,R,R,ATL,P
lopej001,Lopez,Javy,R,R,ATL,C
maddg002,Maddux,Greg,R,R,ATL,P
marqj001,Marquis,Jason,L,R,ATL,P
millk004,Millwood,Kevin,R,R,ATL,P
mossd001,Moss,Damian,R,L,ATL,P
prata001,Pratt,Andy,L,L,ATL,P
remlm001,Remlinger,Mike,L,L,ATL,P
shefg001,Sheffield,Gary,R,R,ATL,OF
smala001,Small,Aaron,R,R,ATL,P
smolj001,Smoltz,John,R,R,ATL,P
spoot001,Spooneybarger,Tim,R,R,ATL,P
surhb001,Surhoff,B.J.,L,R,ATL,OF
torrs002,Torrealba,Steven,R,R,ATL,C
