abbop001,Abbott,Paul,R,R
aguir001,Aguilera,Rick,R,R
andea001,Anderson,Allan,L,L
bankw001,Banks,Willie,R,R
bedrs001,Bedrosian,Steve,R,R
browj002,Brown,Jarvis,R,R
bushr001,Bush,Randy,L,L
casil001,Casian,Larry,R,L
castc001,Castillo,Carmen,R,R
davic001,Davis,Chili,B,R
edent001,Edens,Tom,R,R
erics001,Erickson,Scott,R,R
gagng001,Gagne,Greg,R,R
gladd001,Gladden,Dan,R,R
guthm001,Guthrie,Mark,B,L
harpb001,Harper,Brian,R,R
hrbek001,Hrbek,Kent,L,R
knobc001,Knoblauch,Chuck,R,R
larkg001,Larkin,Gene,B,R
leact001,Leach,Terry,R,R
leius001,Leius,Scott,R,R
macks001,Mack,Shane,R,R
morrj001,Morris,Jack,R,R
munop001,Munoz,Pedro,R,R
neagd001,Neagle,Denny,L,L
newma001,Newman,Al,B,R
ortij001,Ortiz,Junior,R,R
paglm001,Pagliarulo,Mike,L,R
puckk001,Puckett,Kirby,R,R
sorrp001,Sorrento,Paul,L,R
tapak001,Tapani,Kevin,R,R
wayng001,Wayne,Gary,L,L
websl001,Webster,Lenny,R,R
westd001,West,David,L,L
willc001,Willis,Carl,L,R

