boylj102,Boyle,Jack,R,R,PHI,C
broud101,Brouthers,Dan,L,L,PHI,1B
carsk102,Carsey,Kid,L,R,PHI,P
clemj101,Clements,Jack,L,L,PHI,C
coold101,Cooley,Duff,L,R,PHI,OF
crosl101,Cross,Lave,R,R,PHI,3B
delae101,Delahanty,Ed,R,R,PHI,OF
ellib101,Ellis,Ben,?,?,PHI,3B
gallw102,Gallagher,William,?,?,PHI,SS
garvn101,Garvin,Ned,R,R,PHI,P
geiep101,Geier,Phil,L,R,PHI,OF
gradm101,Grady,Mike,R,R,PHI,C
gumba101,Gumbert,Ad,R,R,PHI,P
hallb101,Hallman,Bill,R,R,PHI,2B
huleb101,Hulen,Billy,L,L,PHI,SS
inksb101,Inks,Bert,L,L,PHI,P
jordc101,Jordan,Charlie,?,?,PHI,P
keenh101,Keener,Harry,?,R,PHI,P
lajon101,Lajoie,Nap,R,R,PHI,1B
leahd101,Leahy,Dan,?,?,PHI,SS
lucic101,Lucid,Con,?,?,PHI,P
mcgiw101,McGill,Willie,?,L,PHI,P
merts101,Mertes,Sam,R,R,PHI,OF
nashb101,Nash,Billy,R,R,PHI,3B
nopsj101,Nops,Jerry,L,L,PHI,P
ortha101,Orth,Al,L,R,PHI,P
sullj101,Sullivan,Joe,?,?,PHI,OF
taylj102,Taylor,Jack,R,R,PHI,P
thoms103,Thompson,Sam,L,R,PHI,OF
turnt101,Turner,Tuck,B,L,PHI,OF
wheeg102,Wheeler,George,B,B,PHI,P
whitb102,Whitrock,Bill,?,R,PHI,P
